image_name,identity,identity_type
000085.jpg,5127,enrolled
000108.jpg,4929,enrolled
000131.jpg,7222,enrolled
000160.jpg,1435,unknown
000190.jpg,5246,enrolled
000237.jpg,7524,enrolled
000332.jpg,9000,enrolled
000344.jpg,975,unknown
000370.jpg,3655,enrolled
000372.jpg,4150,unknown
000384.jpg,310,enrolled
000387.jpg,5127,enrolled
000583.jpg,898,unknown
000639.jpg,7524,enrolled
000864.jpg,5246,enrolled
000955.jpg,6277,enrolled
001045.jpg,4150,unknown
001093.jpg,6972,unknown
001276.jpg,7422,enrolled
001460.jpg,5672,enrolled
001602.jpg,7253,enrolled
001618.jpg,7338,unknown
001642.jpg,644,enrolled
001661.jpg,6806,enrolled
001857.jpg,503,enrolled
001994.jpg,2926,unknown
002032.jpg,4196,unknown
002042.jpg,878,unknown
002196.jpg,5747,enrolled
002275.jpg,1104,enrolled
002295.jpg,1104,enrolled
002426.jpg,2814,enrolled
002541.jpg,2926,unknown
002679.jpg,5238,enrolled
002751.jpg,8971,enrolled
002988.jpg,6983,unknown
003089.jpg,8,enrolled
003148.jpg,1147,enrolled
003205.jpg,8091,enrolled
003308.jpg,7253,enrolled
003319.jpg,6972,unknown
003398.jpg,4196,unknown
003416.jpg,5190,enrolled
003447.jpg,8748,enrolled
003484.jpg,9144,enrolled
003602.jpg,1167,enrolled
003609.jpg,2835,enrolled
003841.jpg,4936,enrolled
003910.jpg,6170,enrolled
003995.jpg,5190,enrolled
004003.jpg,9939,enrolled
004054.jpg,6456,enrolled
004215.jpg,4150,unknown
004260.jpg,9828,enrolled
004284.jpg,644,enrolled
004329.jpg,5127,enrolled
004369.jpg,7253,enrolled
004411.jpg,2814,enrolled
004467.jpg,6136,enrolled
004613.jpg,6136,enrolled
004620.jpg,4659,unknown
004645.jpg,1128,enrolled
004831.jpg,5922,enrolled
004928.jpg,6719,enrolled
005099.jpg,4659,unknown
005130.jpg,4150,unknown
005180.jpg,9300,enrolled
005218.jpg,5656,enrolled
005251.jpg,5780,enrolled
005325.jpg,3336,enrolled
005338.jpg,494,enrolled
005445.jpg,1435,unknown
005506.jpg,5534,enrolled
005556.jpg,5780,enrolled
005586.jpg,1128,enrolled
005657.jpg,1147,enrolled
005661.jpg,9534,unknown
005680.jpg,6277,enrolled
005710.jpg,7422,enrolled
005730.jpg,4150,unknown
005877.jpg,6983,unknown
005886.jpg,5246,enrolled
005945.jpg,6277,enrolled
006012.jpg,5672,enrolled
006124.jpg,6368,unknown
006131.jpg,898,unknown
006139.jpg,898,unknown
006332.jpg,8748,enrolled
006338.jpg,5656,enrolled
006383.jpg,7222,enrolled
006412.jpg,9910,enrolled
006482.jpg,5672,enrolled
006575.jpg,5780,enrolled
006600.jpg,4870,enrolled
006649.jpg,8091,enrolled
006950.jpg,5922,enrolled
007032.jpg,1149,enrolled
007227.jpg,655,unknown
007272.jpg,2814,enrolled
007305.jpg,3655,enrolled
007433.jpg,5922,enrolled
007530.jpg,5437,enrolled
007756.jpg,5648,enrolled
008183.jpg,5672,enrolled
008237.jpg,1104,enrolled
008238.jpg,3336,enrolled
008377.jpg,9688,enrolled
008422.jpg,6368,unknown
008465.jpg,9000,enrolled
008512.jpg,5591,enrolled
008575.jpg,7222,enrolled
008715.jpg,5747,enrolled
008884.jpg,4150,unknown
008925.jpg,6368,unknown
009006.jpg,8971,enrolled
009101.jpg,310,enrolled
009263.jpg,6719,enrolled
009592.jpg,9478,unknown
009777.jpg,2835,enrolled
009822.jpg,1149,enrolled
009865.jpg,7222,enrolled
010078.jpg,4870,enrolled
010123.jpg,9144,enrolled
010128.jpg,5591,enrolled
010150.jpg,8834,enrolled
010163.jpg,3655,enrolled
010221.jpg,5246,enrolled
010279.jpg,2926,unknown
010520.jpg,5064,enrolled
010564.jpg,5747,enrolled
010582.jpg,7222,enrolled
010594.jpg,7222,enrolled
010648.jpg,5238,enrolled
010688.jpg,1128,enrolled
010744.jpg,9688,enrolled
010853.jpg,6719,enrolled
010898.jpg,4870,enrolled
011066.jpg,4929,enrolled
011090.jpg,8091,enrolled
011102.jpg,6170,enrolled
011108.jpg,6722,enrolled
011517.jpg,5238,enrolled
011536.jpg,6719,enrolled
011578.jpg,8,enrolled
011713.jpg,5190,enrolled
011852.jpg,4150,unknown
012100.jpg,6136,enrolled
012187.jpg,5780,enrolled
012237.jpg,9939,enrolled
012303.jpg,1435,unknown
012362.jpg,494,enrolled
012403.jpg,2926,unknown
012588.jpg,5127,enrolled
012624.jpg,7253,enrolled
012679.jpg,9939,enrolled
012893.jpg,6136,enrolled
012914.jpg,975,unknown
012915.jpg,5246,enrolled
013073.jpg,5246,enrolled
013153.jpg,1435,unknown
013229.jpg,5210,enrolled
013237.jpg,3336,enrolled
013470.jpg,8971,enrolled
013485.jpg,6136,enrolled
013652.jpg,4659,unknown
013854.jpg,494,enrolled
013980.jpg,6368,unknown
014081.jpg,6136,enrolled
014101.jpg,9534,unknown
014275.jpg,8971,enrolled
014470.jpg,644,enrolled
014548.jpg,6456,enrolled
014632.jpg,6368,unknown
014674.jpg,1435,unknown
014680.jpg,9000,enrolled
014683.jpg,6368,unknown
014721.jpg,8091,enrolled
014731.jpg,2814,enrolled
014739.jpg,6136,enrolled
014871.jpg,5064,enrolled
014916.jpg,8971,enrolled
015035.jpg,2926,unknown
015328.jpg,8908,enrolled
015422.jpg,4870,enrolled
015586.jpg,6983,unknown
015612.jpg,4196,unknown
015667.jpg,4936,enrolled
015693.jpg,4659,unknown
015716.jpg,1104,enrolled
015730.jpg,5238,enrolled
015741.jpg,6170,enrolled
015772.jpg,6086,enrolled
015843.jpg,5190,enrolled
015885.jpg,5922,enrolled
015889.jpg,2926,unknown
015976.jpg,6136,enrolled
016081.jpg,1149,enrolled
016144.jpg,5672,enrolled
016164.jpg,9000,enrolled
016253.jpg,8908,enrolled
016283.jpg,6233,unknown
016306.jpg,9093,enrolled
016347.jpg,644,enrolled
016418.jpg,5064,enrolled
016528.jpg,1147,enrolled
016530.jpg,9910,enrolled
016599.jpg,6170,enrolled
016658.jpg,4150,unknown
016762.jpg,4150,unknown
016880.jpg,8091,enrolled
017010.jpg,4196,unknown
017190.jpg,6368,unknown
017353.jpg,8748,enrolled
017407.jpg,5190,enrolled
017430.jpg,7222,enrolled
017442.jpg,7338,unknown
017468.jpg,9828,enrolled
017495.jpg,7103,enrolled
017606.jpg,9688,enrolled
017795.jpg,9828,enrolled
018041.jpg,6170,enrolled
018153.jpg,1128,enrolled
018389.jpg,4659,unknown
018405.jpg,9000,enrolled
018534.jpg,5210,enrolled
018535.jpg,5656,enrolled
018606.jpg,9910,enrolled
018627.jpg,5127,enrolled
018679.jpg,5648,enrolled
018766.jpg,6722,enrolled
018884.jpg,7422,enrolled
019114.jpg,6722,enrolled
019144.jpg,1147,enrolled
019409.jpg,9688,enrolled
019471.jpg,655,unknown
019485.jpg,2814,enrolled
019558.jpg,5238,enrolled
019686.jpg,7222,enrolled
019851.jpg,4870,enrolled
020151.jpg,5210,enrolled
020235.jpg,5534,enrolled
020290.jpg,5648,enrolled
020395.jpg,8834,enrolled
020512.jpg,5064,enrolled
020712.jpg,494,enrolled
020798.jpg,5534,enrolled
020799.jpg,9910,enrolled
020805.jpg,494,enrolled
020810.jpg,3336,enrolled
020817.jpg,4968,enrolled
021044.jpg,8834,enrolled
021059.jpg,5064,enrolled
021154.jpg,898,unknown
021275.jpg,7103,enrolled
021281.jpg,5099,enrolled
021376.jpg,6136,enrolled
021391.jpg,6086,enrolled
021490.jpg,4936,enrolled
021609.jpg,6719,enrolled
021633.jpg,6983,unknown
021665.jpg,2926,unknown
021768.jpg,6719,enrolled
021785.jpg,5747,enrolled
021793.jpg,6806,enrolled
021862.jpg,7222,enrolled
021895.jpg,9688,enrolled
021944.jpg,6456,enrolled
022155.jpg,6983,unknown
022303.jpg,4150,unknown
022418.jpg,5922,enrolled
022492.jpg,4929,enrolled
022495.jpg,5672,enrolled
022580.jpg,494,enrolled
022607.jpg,7338,unknown
022616.jpg,6983,unknown
022715.jpg,1435,unknown
022731.jpg,8908,enrolled
022803.jpg,8908,enrolled
022861.jpg,5127,enrolled
022986.jpg,975,unknown
022993.jpg,1167,enrolled
023065.jpg,5238,enrolled
023097.jpg,9093,enrolled
023140.jpg,6806,enrolled
023164.jpg,2814,enrolled
023186.jpg,7253,enrolled
023207.jpg,7524,enrolled
023249.jpg,9478,unknown
023315.jpg,9688,enrolled
023382.jpg,7253,enrolled
023449.jpg,5127,enrolled
023457.jpg,4659,unknown
023461.jpg,1435,unknown
023654.jpg,1128,enrolled
023763.jpg,4929,enrolled
023770.jpg,5780,enrolled
023774.jpg,1104,enrolled
023792.jpg,7338,unknown
023849.jpg,5190,enrolled
023935.jpg,6170,enrolled
024009.jpg,1167,enrolled
024172.jpg,8091,enrolled
024368.jpg,7103,enrolled
024370.jpg,1104,enrolled
024413.jpg,7524,enrolled
024464.jpg,5099,enrolled
024519.jpg,310,enrolled
024714.jpg,5210,enrolled
024769.jpg,9939,enrolled
024848.jpg,898,unknown
024886.jpg,1128,enrolled
024910.jpg,5064,enrolled
024996.jpg,1149,enrolled
025021.jpg,9478,unknown
025110.jpg,5747,enrolled
025306.jpg,9093,enrolled
025607.jpg,5246,enrolled
025636.jpg,5747,enrolled
025713.jpg,5064,enrolled
025789.jpg,8,enrolled
025844.jpg,5922,enrolled
025859.jpg,1149,enrolled
025911.jpg,7422,enrolled
025950.jpg,878,unknown
025981.jpg,5780,enrolled
026125.jpg,6086,enrolled
026133.jpg,1149,enrolled
026310.jpg,1149,enrolled
026367.jpg,5747,enrolled
026443.jpg,9910,enrolled
026446.jpg,6806,enrolled
026452.jpg,655,unknown
026628.jpg,4150,unknown
026730.jpg,9828,enrolled
026766.jpg,2814,enrolled
026922.jpg,1167,enrolled
027075.jpg,8834,enrolled
027149.jpg,8908,enrolled
027280.jpg,9939,enrolled
027323.jpg,6983,unknown
027392.jpg,1167,enrolled
027560.jpg,8748,enrolled
027582.jpg,5210,enrolled
027656.jpg,6277,enrolled
027751.jpg,5780,enrolled
027938.jpg,9939,enrolled
028061.jpg,9144,enrolled
028310.jpg,1104,enrolled
028393.jpg,4150,unknown
028498.jpg,1147,enrolled
028543.jpg,5922,enrolled
028909.jpg,5656,enrolled
028927.jpg,8971,enrolled
028937.jpg,5238,enrolled
029190.jpg,6456,enrolled
029203.jpg,8834,enrolled
029274.jpg,8091,enrolled
029286.jpg,8971,enrolled
029303.jpg,310,enrolled
029464.jpg,6170,enrolled
029478.jpg,6136,enrolled
029772.jpg,7222,enrolled
029778.jpg,5534,enrolled
029838.jpg,6233,unknown
029876.jpg,5210,enrolled
030080.jpg,1149,enrolled
030170.jpg,5099,enrolled
030208.jpg,4929,enrolled
030286.jpg,3336,enrolled
030334.jpg,9093,enrolled
030348.jpg,9300,enrolled
030396.jpg,7222,enrolled
030458.jpg,5534,enrolled
030591.jpg,7524,enrolled
030626.jpg,5210,enrolled
030789.jpg,1147,enrolled
030912.jpg,3336,enrolled
030929.jpg,975,unknown
030973.jpg,1147,enrolled
031144.jpg,6368,unknown
031168.jpg,8091,enrolled
031248.jpg,5648,enrolled
031369.jpg,7103,enrolled
031415.jpg,5648,enrolled
031528.jpg,5190,enrolled
031610.jpg,310,enrolled
031634.jpg,9300,enrolled
031649.jpg,6136,enrolled
031727.jpg,8748,enrolled
031781.jpg,8834,enrolled
031878.jpg,5246,enrolled
031902.jpg,4196,unknown
031949.jpg,8,enrolled
031964.jpg,5656,enrolled
031985.jpg,6136,enrolled
032034.jpg,8748,enrolled
032181.jpg,503,enrolled
032368.jpg,5437,enrolled
032432.jpg,5534,enrolled
032582.jpg,8908,enrolled
032692.jpg,4870,enrolled
032759.jpg,1149,enrolled
032767.jpg,4870,enrolled
032851.jpg,6806,enrolled
033056.jpg,5656,enrolled
033057.jpg,898,unknown
033145.jpg,3655,enrolled
033292.jpg,8,enrolled
033445.jpg,5780,enrolled
033529.jpg,878,unknown
033658.jpg,9828,enrolled
033677.jpg,4870,enrolled
033721.jpg,2835,enrolled
033851.jpg,655,unknown
033888.jpg,1149,enrolled
033933.jpg,5437,enrolled
034059.jpg,5437,enrolled
034354.jpg,8748,enrolled
034507.jpg,6456,enrolled
034660.jpg,6170,enrolled
034973.jpg,5064,enrolled
035153.jpg,2926,unknown
035498.jpg,5780,enrolled
035538.jpg,9910,enrolled
035571.jpg,6170,enrolled
035626.jpg,4968,enrolled
035676.jpg,1128,enrolled
035751.jpg,4929,enrolled
035821.jpg,4968,enrolled
035886.jpg,6719,enrolled
035909.jpg,8748,enrolled
036023.jpg,4150,unknown
036253.jpg,9828,enrolled
036270.jpg,7524,enrolled
036303.jpg,5780,enrolled
036411.jpg,6086,enrolled
036598.jpg,8834,enrolled
036626.jpg,6719,enrolled
036792.jpg,7103,enrolled
037104.jpg,1435,unknown
037113.jpg,975,unknown
037117.jpg,4659,unknown
037203.jpg,5591,enrolled
037269.jpg,7103,enrolled
037315.jpg,5747,enrolled
037397.jpg,5238,enrolled
037400.jpg,9910,enrolled
037435.jpg,5656,enrolled
037565.jpg,5099,enrolled
037613.jpg,9478,unknown
037852.jpg,7103,enrolled
037867.jpg,8971,enrolled
037879.jpg,6983,unknown
037891.jpg,7253,enrolled
037923.jpg,5190,enrolled
037955.jpg,3336,enrolled
038057.jpg,6233,unknown
038062.jpg,5780,enrolled
038089.jpg,5648,enrolled
038149.jpg,7253,enrolled
038186.jpg,310,enrolled
038241.jpg,9939,enrolled
038250.jpg,5190,enrolled
038491.jpg,4929,enrolled
038553.jpg,655,unknown
038671.jpg,6806,enrolled
038746.jpg,9144,enrolled
038818.jpg,5780,enrolled
038926.jpg,655,unknown
038978.jpg,8971,enrolled
039003.jpg,4929,enrolled
039024.jpg,7338,unknown
039201.jpg,9688,enrolled
039217.jpg,6170,enrolled
039238.jpg,8,enrolled
039244.jpg,5591,enrolled
039336.jpg,5672,enrolled
039410.jpg,494,enrolled
039497.jpg,9910,enrolled
039635.jpg,975,unknown
039766.jpg,4659,unknown
040216.jpg,6719,enrolled
040233.jpg,898,unknown
040371.jpg,7338,unknown
040741.jpg,7253,enrolled
040776.jpg,878,unknown
040805.jpg,7524,enrolled
040925.jpg,4150,unknown
041086.jpg,7222,enrolled
041126.jpg,4196,unknown
041283.jpg,8,enrolled
041303.jpg,7253,enrolled
041307.jpg,2835,enrolled
041326.jpg,7422,enrolled
041441.jpg,5127,enrolled
041482.jpg,1147,enrolled
041543.jpg,5656,enrolled
041628.jpg,9910,enrolled
041727.jpg,5672,enrolled
041907.jpg,6368,unknown
041921.jpg,644,enrolled
042075.jpg,9478,unknown
042113.jpg,6456,enrolled
042145.jpg,4936,enrolled
042311.jpg,5190,enrolled
042346.jpg,5210,enrolled
042378.jpg,3336,enrolled
042410.jpg,494,enrolled
042483.jpg,6456,enrolled
042542.jpg,2814,enrolled
042637.jpg,9000,enrolled
042662.jpg,5534,enrolled
042709.jpg,5648,enrolled
042893.jpg,503,enrolled
043004.jpg,7222,enrolled
043031.jpg,4150,unknown
043063.jpg,5190,enrolled
043140.jpg,5672,enrolled
043362.jpg,8,enrolled
043484.jpg,9828,enrolled
043690.jpg,3336,enrolled
043740.jpg,7338,unknown
043908.jpg,4870,enrolled
044004.jpg,7422,enrolled
044018.jpg,6086,enrolled
044047.jpg,6086,enrolled
044165.jpg,5210,enrolled
044204.jpg,1149,enrolled
044236.jpg,5099,enrolled
044254.jpg,9910,enrolled
044294.jpg,5246,enrolled
044464.jpg,5672,enrolled
044524.jpg,9144,enrolled
044525.jpg,7338,unknown
044906.jpg,5747,enrolled
045183.jpg,4196,unknown
045205.jpg,9828,enrolled
045233.jpg,975,unknown
045304.jpg,4870,enrolled
045431.jpg,5648,enrolled
045573.jpg,2926,unknown
045807.jpg,9534,unknown
045831.jpg,5780,enrolled
046007.jpg,5656,enrolled
046024.jpg,5127,enrolled
046179.jpg,5922,enrolled
046235.jpg,5246,enrolled
046372.jpg,1128,enrolled
046412.jpg,5210,enrolled
046422.jpg,6277,enrolled
046629.jpg,5099,enrolled
046652.jpg,5064,enrolled
046765.jpg,6806,enrolled
046770.jpg,4936,enrolled
046843.jpg,9534,unknown
046845.jpg,6233,unknown
046864.jpg,1435,unknown
046887.jpg,4936,enrolled
046995.jpg,6806,enrolled
047019.jpg,5648,enrolled
047067.jpg,1128,enrolled
047296.jpg,7422,enrolled
047407.jpg,3336,enrolled
047454.jpg,4929,enrolled
047858.jpg,5437,enrolled
047897.jpg,5922,enrolled
047913.jpg,9300,enrolled
047974.jpg,4196,unknown
048063.jpg,3336,enrolled
048116.jpg,4196,unknown
048199.jpg,8091,enrolled
048242.jpg,5127,enrolled
048423.jpg,5238,enrolled
048985.jpg,2814,enrolled
048998.jpg,4968,enrolled
049040.jpg,2814,enrolled
049175.jpg,5656,enrolled
049242.jpg,5780,enrolled
049246.jpg,6719,enrolled
049260.jpg,6722,enrolled
049305.jpg,5210,enrolled
049378.jpg,8908,enrolled
049400.jpg,7422,enrolled
049695.jpg,9478,unknown
049882.jpg,4936,enrolled
049895.jpg,9534,unknown
050239.jpg,503,enrolled
050399.jpg,8091,enrolled
050585.jpg,3336,enrolled
050610.jpg,3336,enrolled
050666.jpg,5922,enrolled
051090.jpg,878,unknown
051281.jpg,5190,enrolled
051414.jpg,6972,unknown
051468.jpg,5780,enrolled
051799.jpg,8,enrolled
051819.jpg,8971,enrolled
051915.jpg,6972,unknown
051995.jpg,655,unknown
052146.jpg,1149,enrolled
052160.jpg,5534,enrolled
052459.jpg,4659,unknown
052594.jpg,1435,unknown
052615.jpg,6972,unknown
052811.jpg,6233,unknown
052841.jpg,6368,unknown
052863.jpg,1167,enrolled
053036.jpg,4936,enrolled
053278.jpg,4150,unknown
053473.jpg,4196,unknown
053746.jpg,7524,enrolled
053831.jpg,9144,enrolled
053934.jpg,8091,enrolled
054024.jpg,975,unknown
054118.jpg,5922,enrolled
054188.jpg,1149,enrolled
054233.jpg,6983,unknown
054354.jpg,4929,enrolled
054383.jpg,975,unknown
054514.jpg,9688,enrolled
054674.jpg,5238,enrolled
054688.jpg,5648,enrolled
054840.jpg,7422,enrolled
055093.jpg,3336,enrolled
055165.jpg,6806,enrolled
055347.jpg,5534,enrolled
055409.jpg,6086,enrolled
055493.jpg,6170,enrolled
055608.jpg,6170,enrolled
055646.jpg,5246,enrolled
055694.jpg,9144,enrolled
055734.jpg,9534,unknown
055782.jpg,4936,enrolled
055785.jpg,4968,enrolled
055794.jpg,4968,enrolled
055840.jpg,655,unknown
055909.jpg,5922,enrolled
056034.jpg,5922,enrolled
056178.jpg,975,unknown
056306.jpg,5747,enrolled
056430.jpg,878,unknown
056555.jpg,5648,enrolled
056636.jpg,5127,enrolled
056698.jpg,6368,unknown
056712.jpg,6368,unknown
056843.jpg,6806,enrolled
056862.jpg,6719,enrolled
056998.jpg,6136,enrolled
057044.jpg,4929,enrolled
057131.jpg,5922,enrolled
057152.jpg,2835,enrolled
057291.jpg,6719,enrolled
057333.jpg,9828,enrolled
057388.jpg,2835,enrolled
057416.jpg,6136,enrolled
057419.jpg,1435,unknown
057422.jpg,4929,enrolled
057467.jpg,5190,enrolled
057474.jpg,7338,unknown
057479.jpg,5238,enrolled
057489.jpg,975,unknown
057492.jpg,1128,enrolled
057623.jpg,9093,enrolled
057788.jpg,6136,enrolled
058039.jpg,9910,enrolled
058047.jpg,2926,unknown
058232.jpg,6456,enrolled
058274.jpg,5747,enrolled
058672.jpg,5648,enrolled
058703.jpg,1167,enrolled
058817.jpg,644,enrolled
058879.jpg,5747,enrolled
058996.jpg,2926,unknown
059002.jpg,2814,enrolled
059009.jpg,1167,enrolled
059089.jpg,9939,enrolled
059202.jpg,4150,unknown
059246.jpg,310,enrolled
059289.jpg,1149,enrolled
059441.jpg,7524,enrolled
059504.jpg,8748,enrolled
059527.jpg,975,unknown
059666.jpg,878,unknown
059746.jpg,5127,enrolled
059788.jpg,8971,enrolled
060083.jpg,9688,enrolled
060163.jpg,1167,enrolled
060285.jpg,9939,enrolled
060329.jpg,3655,enrolled
060447.jpg,5672,enrolled
060466.jpg,9688,enrolled
060620.jpg,7103,enrolled
060630.jpg,6719,enrolled
060656.jpg,6368,unknown
060847.jpg,9144,enrolled
060862.jpg,5922,enrolled
060910.jpg,494,enrolled
060980.jpg,6086,enrolled
061035.jpg,8748,enrolled
061232.jpg,503,enrolled
061252.jpg,6806,enrolled
061279.jpg,4936,enrolled
061291.jpg,2814,enrolled
061296.jpg,8748,enrolled
061448.jpg,5190,enrolled
061485.jpg,4936,enrolled
061550.jpg,6806,enrolled
061551.jpg,2835,enrolled
061753.jpg,8971,enrolled
061761.jpg,5591,enrolled
061852.jpg,8,enrolled
062077.jpg,6972,unknown
062352.jpg,7338,unknown
062447.jpg,9688,enrolled
062464.jpg,7338,unknown
062503.jpg,5437,enrolled
062547.jpg,5648,enrolled
062567.jpg,6086,enrolled
062660.jpg,9534,unknown
062705.jpg,1128,enrolled
062797.jpg,5534,enrolled
062940.jpg,7524,enrolled
063078.jpg,4659,unknown
063110.jpg,878,unknown
063224.jpg,9093,enrolled
063286.jpg,4659,unknown
063318.jpg,878,unknown
063417.jpg,898,unknown
063441.jpg,6277,enrolled
063463.jpg,5238,enrolled
063464.jpg,6368,unknown
063596.jpg,5246,enrolled
063825.jpg,1435,unknown
063877.jpg,5747,enrolled
063947.jpg,8971,enrolled
063991.jpg,1104,enrolled
063997.jpg,6233,unknown
064081.jpg,6722,enrolled
064123.jpg,9000,enrolled
064290.jpg,2814,enrolled
064387.jpg,7422,enrolled
064795.jpg,8748,enrolled
064848.jpg,4968,enrolled
064925.jpg,8908,enrolled
065047.jpg,9910,enrolled
065105.jpg,5672,enrolled
065152.jpg,7422,enrolled
065194.jpg,7222,enrolled
065258.jpg,6277,enrolled
065309.jpg,4150,unknown
065389.jpg,5747,enrolled
065390.jpg,2926,unknown
065413.jpg,898,unknown
065517.jpg,4936,enrolled
065518.jpg,2814,enrolled
065520.jpg,5922,enrolled
065620.jpg,5190,enrolled
065690.jpg,8971,enrolled
065787.jpg,8834,enrolled
065829.jpg,4150,unknown
065855.jpg,9828,enrolled
065893.jpg,6136,enrolled
066186.jpg,878,unknown
066565.jpg,8091,enrolled
066737.jpg,7422,enrolled
066888.jpg,5656,enrolled
066968.jpg,7222,enrolled
066995.jpg,8971,enrolled
067098.jpg,6233,unknown
067365.jpg,6806,enrolled
067479.jpg,5648,enrolled
067534.jpg,1167,enrolled
067588.jpg,4936,enrolled
067626.jpg,6719,enrolled
067663.jpg,9910,enrolled
067799.jpg,8091,enrolled
067812.jpg,1167,enrolled
067888.jpg,9828,enrolled
068042.jpg,6086,enrolled
068076.jpg,5238,enrolled
068099.jpg,5648,enrolled
068359.jpg,5246,enrolled
068482.jpg,1167,enrolled
068717.jpg,9144,enrolled
068788.jpg,9093,enrolled
068806.jpg,5127,enrolled
069035.jpg,7524,enrolled
069041.jpg,5780,enrolled
069060.jpg,4929,enrolled
069075.jpg,5780,enrolled
069083.jpg,4196,unknown
069191.jpg,310,enrolled
069292.jpg,5099,enrolled
069344.jpg,5437,enrolled
069373.jpg,5064,enrolled
069389.jpg,6719,enrolled
069480.jpg,9534,unknown
069494.jpg,7422,enrolled
069597.jpg,5780,enrolled
069653.jpg,1147,enrolled
069706.jpg,503,enrolled
069805.jpg,9910,enrolled
069862.jpg,5656,enrolled
069910.jpg,6086,enrolled
070084.jpg,9093,enrolled
070235.jpg,6806,enrolled
070348.jpg,5656,enrolled
070471.jpg,8908,enrolled
070670.jpg,8834,enrolled
070725.jpg,975,unknown
070850.jpg,9478,unknown
070899.jpg,5127,enrolled
070955.jpg,5238,enrolled
071046.jpg,898,unknown
071071.jpg,5922,enrolled
071290.jpg,9144,enrolled
071366.jpg,9144,enrolled
071763.jpg,6456,enrolled
071822.jpg,5648,enrolled
071856.jpg,7338,unknown
072063.jpg,5437,enrolled
072146.jpg,878,unknown
072328.jpg,7222,enrolled
072575.jpg,5437,enrolled
072577.jpg,8748,enrolled
072580.jpg,6368,unknown
072619.jpg,5127,enrolled
072658.jpg,6233,unknown
072850.jpg,7222,enrolled
072904.jpg,3336,enrolled
073096.jpg,1104,enrolled
073166.jpg,5437,enrolled
073199.jpg,6983,unknown
074119.jpg,6086,enrolled
074120.jpg,5747,enrolled
074147.jpg,5648,enrolled
074302.jpg,9300,enrolled
074437.jpg,3336,enrolled
074577.jpg,4936,enrolled
074610.jpg,975,unknown
074630.jpg,5064,enrolled
074680.jpg,5747,enrolled
074823.jpg,7103,enrolled
074843.jpg,6719,enrolled
074854.jpg,644,enrolled
075060.jpg,5210,enrolled
075064.jpg,6368,unknown
075164.jpg,9939,enrolled
075195.jpg,1149,enrolled
075552.jpg,5437,enrolled
075674.jpg,5210,enrolled
075922.jpg,5190,enrolled
076022.jpg,1128,enrolled
076042.jpg,9000,enrolled
076103.jpg,6368,unknown
076179.jpg,5246,enrolled
076337.jpg,4150,unknown
076388.jpg,655,unknown
076427.jpg,655,unknown
076593.jpg,9910,enrolled
076637.jpg,6983,unknown
076768.jpg,3336,enrolled
076942.jpg,6983,unknown
077030.jpg,9939,enrolled
077059.jpg,7524,enrolled
077108.jpg,3655,enrolled
077146.jpg,644,enrolled
077187.jpg,8091,enrolled
077214.jpg,6170,enrolled
077285.jpg,1128,enrolled
077333.jpg,7422,enrolled
077342.jpg,1147,enrolled
077382.jpg,7103,enrolled
077673.jpg,655,unknown
078102.jpg,5922,enrolled
078109.jpg,5210,enrolled
078120.jpg,6806,enrolled
078302.jpg,5672,enrolled
078441.jpg,5437,enrolled
078512.jpg,4870,enrolled
078548.jpg,5747,enrolled
078681.jpg,3336,enrolled
078744.jpg,655,unknown
078825.jpg,9910,enrolled
078881.jpg,5747,enrolled
078884.jpg,655,unknown
078965.jpg,8,enrolled
078996.jpg,3655,enrolled
079133.jpg,5672,enrolled
079165.jpg,975,unknown
079338.jpg,5210,enrolled
079712.jpg,7524,enrolled
079731.jpg,2814,enrolled
079840.jpg,9939,enrolled
079890.jpg,5534,enrolled
080077.jpg,5648,enrolled
080188.jpg,8,enrolled
080299.jpg,7524,enrolled
080321.jpg,9939,enrolled
080387.jpg,6233,unknown
080402.jpg,975,unknown
080672.jpg,2926,unknown
080684.jpg,5922,enrolled
080859.jpg,5246,enrolled
080918.jpg,2926,unknown
080937.jpg,9478,unknown
081107.jpg,8748,enrolled
081170.jpg,4870,enrolled
081174.jpg,5437,enrolled
081559.jpg,8748,enrolled
081743.jpg,5238,enrolled
081748.jpg,6719,enrolled
081803.jpg,8091,enrolled
081855.jpg,1147,enrolled
081857.jpg,1149,enrolled
081934.jpg,5922,enrolled
082042.jpg,6086,enrolled
082111.jpg,1167,enrolled
082195.jpg,6983,unknown
082229.jpg,4968,enrolled
082251.jpg,6136,enrolled
082290.jpg,9910,enrolled
082301.jpg,5922,enrolled
082401.jpg,494,enrolled
082516.jpg,1149,enrolled
082558.jpg,6170,enrolled
082593.jpg,7222,enrolled
082669.jpg,878,unknown
082707.jpg,5064,enrolled
082719.jpg,2926,unknown
082803.jpg,2814,enrolled
082838.jpg,5534,enrolled
083112.jpg,6806,enrolled
083304.jpg,9478,unknown
083313.jpg,1128,enrolled
083359.jpg,9478,unknown
083409.jpg,975,unknown
083471.jpg,9300,enrolled
083498.jpg,310,enrolled
083540.jpg,3336,enrolled
083644.jpg,5747,enrolled
083656.jpg,6719,enrolled
083754.jpg,310,enrolled
083840.jpg,1435,unknown
083981.jpg,9828,enrolled
083995.jpg,2926,unknown
084043.jpg,5246,enrolled
084053.jpg,9939,enrolled
084114.jpg,2814,enrolled
084243.jpg,9828,enrolled
084392.jpg,8908,enrolled
084506.jpg,7253,enrolled
084575.jpg,6806,enrolled
084710.jpg,6136,enrolled
084744.jpg,5656,enrolled
084944.jpg,1147,enrolled
085060.jpg,9000,enrolled
085228.jpg,494,enrolled
085267.jpg,4150,unknown
085275.jpg,7338,unknown
085348.jpg,7524,enrolled
085395.jpg,6170,enrolled
085897.jpg,2814,enrolled
085981.jpg,5591,enrolled
085986.jpg,1147,enrolled
086063.jpg,5437,enrolled
086203.jpg,644,enrolled
086205.jpg,898,unknown
086276.jpg,4936,enrolled
086321.jpg,6368,unknown
086426.jpg,2835,enrolled
086429.jpg,8834,enrolled
086437.jpg,6719,enrolled
086479.jpg,7422,enrolled
086510.jpg,494,enrolled
086573.jpg,494,enrolled
086581.jpg,5210,enrolled
086818.jpg,8834,enrolled
086916.jpg,4968,enrolled
087122.jpg,5780,enrolled
087125.jpg,6456,enrolled
087256.jpg,1128,enrolled
087429.jpg,1128,enrolled
087539.jpg,4659,unknown
087573.jpg,9688,enrolled
087736.jpg,1147,enrolled
087804.jpg,1128,enrolled
087830.jpg,3655,enrolled
088035.jpg,644,enrolled
088356.jpg,8091,enrolled
088448.jpg,5780,enrolled
088544.jpg,494,enrolled
088705.jpg,7524,enrolled
088722.jpg,5127,enrolled
088793.jpg,6456,enrolled
088937.jpg,4968,enrolled
088962.jpg,494,enrolled
089054.jpg,2926,unknown
089135.jpg,7338,unknown
089186.jpg,975,unknown
089198.jpg,7253,enrolled
089245.jpg,6170,enrolled
089265.jpg,8971,enrolled
089449.jpg,7338,unknown
089454.jpg,8,enrolled
089787.jpg,4929,enrolled
089925.jpg,6806,enrolled
090073.jpg,6368,unknown
090293.jpg,9478,unknown
090425.jpg,5922,enrolled
090441.jpg,5210,enrolled
090465.jpg,644,enrolled
090560.jpg,4150,unknown
090612.jpg,494,enrolled
090930.jpg,8748,enrolled
090993.jpg,4936,enrolled
090995.jpg,1149,enrolled
091053.jpg,9093,enrolled
091376.jpg,8834,enrolled
091484.jpg,9300,enrolled
091529.jpg,6233,unknown
091739.jpg,5246,enrolled
091764.jpg,9688,enrolled
091765.jpg,7338,unknown
091878.jpg,5672,enrolled
092052.jpg,878,unknown
092195.jpg,5780,enrolled
092216.jpg,8,enrolled
092298.jpg,9300,enrolled
092321.jpg,5099,enrolled
092339.jpg,7524,enrolled
092342.jpg,1128,enrolled
092350.jpg,6972,unknown
092361.jpg,8,enrolled
092472.jpg,4196,unknown
092526.jpg,6368,unknown
092594.jpg,878,unknown
092738.jpg,5210,enrolled
092880.jpg,5064,enrolled
093087.jpg,3655,enrolled
093329.jpg,4659,unknown
093443.jpg,494,enrolled
093472.jpg,7103,enrolled
093508.jpg,494,enrolled
093514.jpg,9939,enrolled
093556.jpg,9144,enrolled
093680.jpg,4196,unknown
093762.jpg,655,unknown
093793.jpg,7338,unknown
093805.jpg,6972,unknown
093844.jpg,6277,enrolled
093998.jpg,4936,enrolled
094027.jpg,1149,enrolled
094081.jpg,5672,enrolled
094138.jpg,644,enrolled
094177.jpg,8,enrolled
094178.jpg,310,enrolled
094371.jpg,7524,enrolled
094372.jpg,2814,enrolled
094397.jpg,3655,enrolled
094456.jpg,8,enrolled
094493.jpg,5922,enrolled
094544.jpg,6136,enrolled
094591.jpg,5648,enrolled
094803.jpg,494,enrolled
094978.jpg,1435,unknown
095214.jpg,8971,enrolled
095323.jpg,7338,unknown
095348.jpg,2835,enrolled
095371.jpg,5780,enrolled
095455.jpg,1104,enrolled
095459.jpg,7422,enrolled
095469.jpg,3655,enrolled
095572.jpg,5099,enrolled
095668.jpg,8091,enrolled
095701.jpg,5591,enrolled
095777.jpg,9910,enrolled
095778.jpg,5246,enrolled
095911.jpg,7253,enrolled
096066.jpg,6806,enrolled
096131.jpg,7338,unknown
096216.jpg,4936,enrolled
096456.jpg,1147,enrolled
096686.jpg,6806,enrolled
096809.jpg,878,unknown
097036.jpg,655,unknown
097080.jpg,9300,enrolled
097124.jpg,1128,enrolled
097178.jpg,898,unknown
097357.jpg,7338,unknown
097431.jpg,5656,enrolled
097453.jpg,4870,enrolled
097482.jpg,5099,enrolled
097516.jpg,6806,enrolled
097784.jpg,9534,unknown
097813.jpg,9093,enrolled
097846.jpg,5656,enrolled
097910.jpg,9688,enrolled
097991.jpg,7338,unknown
098203.jpg,4196,unknown
098428.jpg,6136,enrolled
098436.jpg,5656,enrolled
098549.jpg,8,enrolled
098789.jpg,2835,enrolled
098865.jpg,1167,enrolled
099000.jpg,8971,enrolled
099007.jpg,9000,enrolled
099056.jpg,5747,enrolled
099087.jpg,7103,enrolled
099127.jpg,8971,enrolled
099135.jpg,5747,enrolled
099148.jpg,2926,unknown
099344.jpg,5534,enrolled
099640.jpg,898,unknown
099720.jpg,6170,enrolled
099865.jpg,7422,enrolled
100206.jpg,4196,unknown
100299.jpg,5648,enrolled
100648.jpg,5780,enrolled
100683.jpg,6983,unknown
100700.jpg,8091,enrolled
100751.jpg,5747,enrolled
100773.jpg,8,enrolled
100798.jpg,8971,enrolled
100818.jpg,7253,enrolled
100906.jpg,5648,enrolled
100910.jpg,5190,enrolled
100997.jpg,8971,enrolled
101021.jpg,878,unknown
101059.jpg,5246,enrolled
101068.jpg,5672,enrolled
101124.jpg,9000,enrolled
101217.jpg,898,unknown
101220.jpg,9688,enrolled
101221.jpg,7524,enrolled
101275.jpg,5190,enrolled
101316.jpg,6233,unknown
101552.jpg,5534,enrolled
101583.jpg,9144,enrolled
101818.jpg,6086,enrolled
102020.jpg,5238,enrolled
102029.jpg,1435,unknown
102229.jpg,655,unknown
102286.jpg,6170,enrolled
102379.jpg,655,unknown
102425.jpg,3655,enrolled
102683.jpg,5127,enrolled
102763.jpg,7422,enrolled
102810.jpg,6456,enrolled
102854.jpg,4659,unknown
102898.jpg,6719,enrolled
102985.jpg,1149,enrolled
103053.jpg,1128,enrolled
103070.jpg,9000,enrolled
103152.jpg,4936,enrolled
103319.jpg,2814,enrolled
103329.jpg,8091,enrolled
103428.jpg,9828,enrolled
103456.jpg,1104,enrolled
103496.jpg,5922,enrolled
103516.jpg,4196,unknown
103570.jpg,975,unknown
103634.jpg,5672,enrolled
103674.jpg,6368,unknown
103990.jpg,898,unknown
104185.jpg,6233,unknown
104236.jpg,8971,enrolled
104252.jpg,9910,enrolled
104338.jpg,4936,enrolled
104393.jpg,9093,enrolled
104509.jpg,4936,enrolled
104520.jpg,5780,enrolled
104530.jpg,1104,enrolled
104550.jpg,2835,enrolled
104557.jpg,4150,unknown
104618.jpg,4196,unknown
104666.jpg,975,unknown
104676.jpg,9093,enrolled
104733.jpg,644,enrolled
104829.jpg,1435,unknown
104914.jpg,7222,enrolled
105032.jpg,4929,enrolled
105054.jpg,8091,enrolled
105095.jpg,9144,enrolled
105108.jpg,3655,enrolled
105167.jpg,5190,enrolled
105194.jpg,6456,enrolled
105348.jpg,4936,enrolled
105561.jpg,5210,enrolled
105874.jpg,2814,enrolled
106022.jpg,4968,enrolled
106024.jpg,6368,unknown
106067.jpg,9000,enrolled
106201.jpg,5190,enrolled
106485.jpg,9534,unknown
106488.jpg,2814,enrolled
106560.jpg,1128,enrolled
106752.jpg,7524,enrolled
106760.jpg,5672,enrolled
106981.jpg,644,enrolled
106996.jpg,5922,enrolled
107040.jpg,2814,enrolled
107086.jpg,5672,enrolled
107263.jpg,1435,unknown
107368.jpg,5127,enrolled
107402.jpg,1435,unknown
107478.jpg,8971,enrolled
107496.jpg,8748,enrolled
107669.jpg,7338,unknown
107790.jpg,5922,enrolled
107827.jpg,655,unknown
108020.jpg,9093,enrolled
108091.jpg,975,unknown
108106.jpg,5656,enrolled
108168.jpg,5780,enrolled
108246.jpg,644,enrolled
108269.jpg,3336,enrolled
108295.jpg,6368,unknown
108469.jpg,7338,unknown
108589.jpg,5210,enrolled
108763.jpg,503,enrolled
108789.jpg,8,enrolled
108819.jpg,7222,enrolled
108820.jpg,3655,enrolled
108829.jpg,5210,enrolled
108853.jpg,5210,enrolled
109027.jpg,310,enrolled
109046.jpg,655,unknown
109255.jpg,8748,enrolled
109257.jpg,1128,enrolled
109274.jpg,8834,enrolled
109402.jpg,1435,unknown
109461.jpg,8748,enrolled
109533.jpg,1128,enrolled
109653.jpg,7222,enrolled
109709.jpg,7524,enrolled
109831.jpg,6972,unknown
109867.jpg,2926,unknown
109870.jpg,6086,enrolled
109883.jpg,8834,enrolled
109888.jpg,8908,enrolled
110048.jpg,9688,enrolled
110137.jpg,6368,unknown
110251.jpg,8908,enrolled
110373.jpg,9144,enrolled
110424.jpg,2926,unknown
110432.jpg,2814,enrolled
110433.jpg,655,unknown
110452.jpg,8748,enrolled
110491.jpg,5238,enrolled
110509.jpg,8834,enrolled
110608.jpg,8834,enrolled
110619.jpg,9144,enrolled
110682.jpg,6972,unknown
110694.jpg,898,unknown
110786.jpg,1104,enrolled
110804.jpg,9000,enrolled
110829.jpg,5656,enrolled
110929.jpg,6277,enrolled
111177.jpg,7422,enrolled
111193.jpg,4929,enrolled
111403.jpg,9144,enrolled
111613.jpg,5534,enrolled
111824.jpg,6983,unknown
111834.jpg,5780,enrolled
111854.jpg,7222,enrolled
111988.jpg,7253,enrolled
112139.jpg,5672,enrolled
112151.jpg,5210,enrolled
112169.jpg,1167,enrolled
112183.jpg,9144,enrolled
112261.jpg,9144,enrolled
112263.jpg,6806,enrolled
112275.jpg,5127,enrolled
112281.jpg,6368,unknown
112314.jpg,9000,enrolled
112600.jpg,8834,enrolled
112605.jpg,5099,enrolled
112652.jpg,9910,enrolled
112785.jpg,4196,unknown
112838.jpg,8834,enrolled
112995.jpg,5190,enrolled
113004.jpg,1435,unknown
113069.jpg,5246,enrolled
113076.jpg,6086,enrolled
113121.jpg,5648,enrolled
113212.jpg,6719,enrolled
113236.jpg,6719,enrolled
113315.jpg,5246,enrolled
113515.jpg,6136,enrolled
113557.jpg,8834,enrolled
113697.jpg,7222,enrolled
113703.jpg,5127,enrolled
113730.jpg,4150,unknown
113960.jpg,6719,enrolled
113976.jpg,975,unknown
114032.jpg,5437,enrolled
114149.jpg,5591,enrolled
114305.jpg,1147,enrolled
114349.jpg,1435,unknown
114529.jpg,7253,enrolled
114735.jpg,8971,enrolled
114750.jpg,6277,enrolled
114844.jpg,1128,enrolled
114858.jpg,1147,enrolled
114878.jpg,7222,enrolled
114933.jpg,5922,enrolled
115061.jpg,5780,enrolled
115122.jpg,6170,enrolled
115207.jpg,5246,enrolled
115278.jpg,9144,enrolled
115443.jpg,5246,enrolled
115475.jpg,9478,unknown
115638.jpg,310,enrolled
115799.jpg,9000,enrolled
115909.jpg,8908,enrolled
115924.jpg,655,unknown
115932.jpg,8908,enrolled
115959.jpg,7338,unknown
116349.jpg,2926,unknown
116441.jpg,6806,enrolled
116504.jpg,3336,enrolled
116516.jpg,9910,enrolled
116522.jpg,7524,enrolled
116525.jpg,5656,enrolled
116821.jpg,5238,enrolled
116833.jpg,7524,enrolled
117001.jpg,878,unknown
117103.jpg,975,unknown
117198.jpg,6277,enrolled
117212.jpg,5127,enrolled
117240.jpg,8908,enrolled
117283.jpg,6983,unknown
117458.jpg,7253,enrolled
117487.jpg,6719,enrolled
117501.jpg,9000,enrolled
117624.jpg,494,enrolled
117832.jpg,4968,enrolled
117885.jpg,9478,unknown
117945.jpg,6170,enrolled
118124.jpg,5747,enrolled
118162.jpg,6722,enrolled
118209.jpg,7422,enrolled
118273.jpg,9688,enrolled
118331.jpg,4968,enrolled
118421.jpg,1104,enrolled
118467.jpg,5246,enrolled
118731.jpg,5437,enrolled
118761.jpg,6722,enrolled
118774.jpg,1147,enrolled
118951.jpg,5127,enrolled
119024.jpg,1147,enrolled
119038.jpg,6972,unknown
119040.jpg,1128,enrolled
119057.jpg,8834,enrolled
119102.jpg,494,enrolled
119197.jpg,9144,enrolled
119445.jpg,898,unknown
119542.jpg,4968,enrolled
119763.jpg,5238,enrolled
119873.jpg,5190,enrolled
119961.jpg,5238,enrolled
120247.jpg,9093,enrolled
120276.jpg,1149,enrolled
120366.jpg,1147,enrolled
120391.jpg,5656,enrolled
120668.jpg,5648,enrolled
120993.jpg,3336,enrolled
121009.jpg,8,enrolled
121054.jpg,1147,enrolled
121078.jpg,8091,enrolled
121113.jpg,494,enrolled
121168.jpg,8091,enrolled
121211.jpg,9910,enrolled
121279.jpg,8,enrolled
121387.jpg,5648,enrolled
121407.jpg,5246,enrolled
121508.jpg,8748,enrolled
121668.jpg,9910,enrolled
121781.jpg,5246,enrolled
122142.jpg,6456,enrolled
122195.jpg,7422,enrolled
122317.jpg,7222,enrolled
122365.jpg,6233,unknown
122381.jpg,1104,enrolled
122428.jpg,5672,enrolled
122455.jpg,6719,enrolled
122456.jpg,7103,enrolled
122607.jpg,5127,enrolled
122699.jpg,8908,enrolled
122978.jpg,7222,enrolled
122999.jpg,5534,enrolled
123138.jpg,5238,enrolled
123267.jpg,1128,enrolled
123276.jpg,5190,enrolled
123286.jpg,655,unknown
123400.jpg,2835,enrolled
123442.jpg,6806,enrolled
123488.jpg,6722,enrolled
123523.jpg,9688,enrolled
123581.jpg,7338,unknown
123739.jpg,6719,enrolled
123742.jpg,6086,enrolled
123782.jpg,898,unknown
123880.jpg,5099,enrolled
123925.jpg,5210,enrolled
123981.jpg,6170,enrolled
124101.jpg,7422,enrolled
124216.jpg,8834,enrolled
124306.jpg,5127,enrolled
124309.jpg,8834,enrolled
124331.jpg,4968,enrolled
124343.jpg,9478,unknown
124443.jpg,1435,unknown
124544.jpg,4659,unknown
124546.jpg,1147,enrolled
124559.jpg,9828,enrolled
124648.jpg,878,unknown
124713.jpg,3336,enrolled
124790.jpg,1128,enrolled
124912.jpg,6719,enrolled
125036.jpg,9478,unknown
125128.jpg,4936,enrolled
125367.jpg,975,unknown
125376.jpg,4968,enrolled
125510.jpg,8834,enrolled
125549.jpg,7103,enrolled
125576.jpg,5099,enrolled
125614.jpg,9300,enrolled
125657.jpg,9000,enrolled
125662.jpg,9093,enrolled
125886.jpg,644,enrolled
125894.jpg,1167,enrolled
125970.jpg,4936,enrolled
125994.jpg,1147,enrolled
126122.jpg,7422,enrolled
126149.jpg,898,unknown
126178.jpg,5099,enrolled
126265.jpg,6233,unknown
126389.jpg,4870,enrolled
126462.jpg,7253,enrolled
126564.jpg,9910,enrolled
126707.jpg,8908,enrolled
127104.jpg,6983,unknown
127262.jpg,1104,enrolled
127806.jpg,1149,enrolled
127906.jpg,5246,enrolled
127963.jpg,5922,enrolled
128100.jpg,8091,enrolled
128215.jpg,4150,unknown
128248.jpg,2926,unknown
128252.jpg,2926,unknown
128274.jpg,9300,enrolled
128293.jpg,5747,enrolled
128307.jpg,6456,enrolled
128446.jpg,9093,enrolled
128455.jpg,7422,enrolled
128737.jpg,8748,enrolled
128745.jpg,6086,enrolled
128772.jpg,5437,enrolled
128933.jpg,975,unknown
128970.jpg,2835,enrolled
128999.jpg,5656,enrolled
129067.jpg,9300,enrolled
129124.jpg,9688,enrolled
129187.jpg,5238,enrolled
129287.jpg,5246,enrolled
129295.jpg,1147,enrolled
129316.jpg,9688,enrolled
129344.jpg,1435,unknown
129768.jpg,6368,unknown
130240.jpg,3655,enrolled
130243.jpg,9144,enrolled
130262.jpg,8834,enrolled
130434.jpg,6277,enrolled
130436.jpg,7524,enrolled
130531.jpg,2926,unknown
130620.jpg,5672,enrolled
130819.jpg,5210,enrolled
130882.jpg,5437,enrolled
130933.jpg,898,unknown
130958.jpg,5747,enrolled
130978.jpg,9144,enrolled
131034.jpg,310,enrolled
131165.jpg,1147,enrolled
131239.jpg,1167,enrolled
131248.jpg,9000,enrolled
131259.jpg,5064,enrolled
131266.jpg,6368,unknown
131371.jpg,5656,enrolled
131393.jpg,1149,enrolled
131541.jpg,9144,enrolled
131627.jpg,7524,enrolled
131804.jpg,5672,enrolled
131881.jpg,7422,enrolled
131944.jpg,9910,enrolled
131984.jpg,5672,enrolled
131991.jpg,6277,enrolled
132118.jpg,898,unknown
132299.jpg,2814,enrolled
132620.jpg,4936,enrolled
132722.jpg,5238,enrolled
132781.jpg,5672,enrolled
133015.jpg,1149,enrolled
133042.jpg,8748,enrolled
133149.jpg,5099,enrolled
133183.jpg,9828,enrolled
133189.jpg,1149,enrolled
133338.jpg,2835,enrolled
133397.jpg,310,enrolled
133414.jpg,7338,unknown
133623.jpg,5210,enrolled
133760.jpg,5190,enrolled
133811.jpg,5127,enrolled
133966.jpg,5238,enrolled
133993.jpg,1128,enrolled
134101.jpg,5190,enrolled
134357.jpg,4936,enrolled
134414.jpg,8748,enrolled
134427.jpg,8834,enrolled
134520.jpg,7338,unknown
134574.jpg,6136,enrolled
134714.jpg,503,enrolled
134865.jpg,9910,enrolled
134907.jpg,8,enrolled
135117.jpg,644,enrolled
135159.jpg,494,enrolled
135191.jpg,4150,unknown
135443.jpg,5064,enrolled
135446.jpg,6086,enrolled
135492.jpg,8971,enrolled
135764.jpg,8091,enrolled
135948.jpg,5210,enrolled
135975.jpg,6983,unknown
136099.jpg,6456,enrolled
136235.jpg,2926,unknown
136280.jpg,310,enrolled
136287.jpg,4196,unknown
136535.jpg,1435,unknown
136572.jpg,4968,enrolled
136726.jpg,8091,enrolled
136883.jpg,6722,enrolled
136945.jpg,9093,enrolled
136949.jpg,9478,unknown
137068.jpg,6086,enrolled
137075.jpg,2926,unknown
137251.jpg,1104,enrolled
137411.jpg,6136,enrolled
137424.jpg,4150,unknown
137496.jpg,5534,enrolled
137544.jpg,9000,enrolled
137640.jpg,9688,enrolled
137687.jpg,5238,enrolled
137740.jpg,8,enrolled
137797.jpg,4659,unknown
137836.jpg,2926,unknown
137959.jpg,8908,enrolled
138018.jpg,9093,enrolled
138132.jpg,7422,enrolled
138209.jpg,503,enrolled
138210.jpg,9144,enrolled
138248.jpg,4929,enrolled
138286.jpg,1149,enrolled
138442.jpg,9093,enrolled
138482.jpg,5437,enrolled
138587.jpg,7338,unknown
138602.jpg,5099,enrolled
139141.jpg,5210,enrolled
139249.jpg,4929,enrolled
139263.jpg,5534,enrolled
139337.jpg,8748,enrolled
139400.jpg,2926,unknown
139473.jpg,6806,enrolled
139556.jpg,5648,enrolled
139583.jpg,5747,enrolled
139598.jpg,1128,enrolled
139630.jpg,5672,enrolled
139782.jpg,1435,unknown
139919.jpg,9534,unknown
139962.jpg,9000,enrolled
140081.jpg,5656,enrolled
140094.jpg,5648,enrolled
140153.jpg,6086,enrolled
140244.jpg,1435,unknown
140263.jpg,9093,enrolled
140410.jpg,6368,unknown
140467.jpg,4968,enrolled
140559.jpg,9688,enrolled
140870.jpg,898,unknown
140917.jpg,644,enrolled
141027.jpg,644,enrolled
141133.jpg,878,unknown
141142.jpg,1167,enrolled
141146.jpg,3336,enrolled
141225.jpg,5437,enrolled
141269.jpg,5672,enrolled
141304.jpg,4870,enrolled
141357.jpg,6170,enrolled
141409.jpg,7524,enrolled
141684.jpg,6277,enrolled
141742.jpg,5648,enrolled
141864.jpg,9000,enrolled
141942.jpg,5246,enrolled
141952.jpg,6456,enrolled
142027.jpg,1128,enrolled
142082.jpg,1167,enrolled
142235.jpg,5780,enrolled
142408.jpg,2814,enrolled
142442.jpg,1104,enrolled
142682.jpg,9828,enrolled
142793.jpg,7103,enrolled
142808.jpg,4936,enrolled
142815.jpg,5238,enrolled
142950.jpg,5099,enrolled
142954.jpg,3336,enrolled
143181.jpg,9939,enrolled
143193.jpg,9828,enrolled
143267.jpg,5656,enrolled
143380.jpg,655,unknown
143755.jpg,5099,enrolled
143777.jpg,1147,enrolled
143822.jpg,9688,enrolled
143996.jpg,2926,unknown
144023.jpg,975,unknown
144524.jpg,8908,enrolled
144801.jpg,5190,enrolled
144927.jpg,9910,enrolled
144958.jpg,7422,enrolled
145074.jpg,8748,enrolled
145253.jpg,5127,enrolled
145555.jpg,5648,enrolled
145567.jpg,3655,enrolled
145574.jpg,1435,unknown
145575.jpg,1147,enrolled
145630.jpg,5127,enrolled
145712.jpg,644,enrolled
145841.jpg,9910,enrolled
145865.jpg,494,enrolled
146030.jpg,7524,enrolled
146045.jpg,4659,unknown
146146.jpg,9910,enrolled
146179.jpg,9828,enrolled
146295.jpg,9939,enrolled
146298.jpg,7253,enrolled
146473.jpg,898,unknown
146485.jpg,8091,enrolled
146534.jpg,4196,unknown
146542.jpg,9144,enrolled
146545.jpg,5238,enrolled
146780.jpg,9144,enrolled
146797.jpg,5747,enrolled
147024.jpg,3336,enrolled
147129.jpg,7253,enrolled
147168.jpg,6368,unknown
147233.jpg,5534,enrolled
147303.jpg,5922,enrolled
147336.jpg,8971,enrolled
147474.jpg,5127,enrolled
147630.jpg,3336,enrolled
147859.jpg,4870,enrolled
147898.jpg,6086,enrolled
147926.jpg,7524,enrolled
147938.jpg,6719,enrolled
148073.jpg,5238,enrolled
148189.jpg,503,enrolled
148258.jpg,5591,enrolled
148294.jpg,494,enrolled
148337.jpg,7338,unknown
148514.jpg,5064,enrolled
148617.jpg,5099,enrolled
148718.jpg,5064,enrolled
148905.jpg,5656,enrolled
148912.jpg,6983,unknown
149072.jpg,4936,enrolled
149158.jpg,8748,enrolled
149162.jpg,9534,unknown
149321.jpg,644,enrolled
149391.jpg,655,unknown
149629.jpg,9478,unknown
149652.jpg,6722,enrolled
149787.jpg,494,enrolled
149938.jpg,655,unknown
149968.jpg,5780,enrolled
149974.jpg,5672,enrolled
150009.jpg,6086,enrolled
150129.jpg,6086,enrolled
150171.jpg,7338,unknown
150189.jpg,5190,enrolled
150378.jpg,5246,enrolled
150435.jpg,8971,enrolled
150603.jpg,975,unknown
150624.jpg,1147,enrolled
150671.jpg,5127,enrolled
150689.jpg,8971,enrolled
150698.jpg,8971,enrolled
150700.jpg,5656,enrolled
150754.jpg,4150,unknown
150830.jpg,1435,unknown
150873.jpg,644,enrolled
150900.jpg,5190,enrolled
150975.jpg,494,enrolled
151097.jpg,5210,enrolled
151111.jpg,8748,enrolled
151313.jpg,5656,enrolled
151397.jpg,6277,enrolled
151426.jpg,6136,enrolled
151435.jpg,8834,enrolled
151604.jpg,4196,unknown
151637.jpg,6719,enrolled
151648.jpg,5238,enrolled
151686.jpg,6983,unknown
151842.jpg,3336,enrolled
151863.jpg,7222,enrolled
152198.jpg,4936,enrolled
152306.jpg,975,unknown
152338.jpg,6170,enrolled
152377.jpg,2926,unknown
152521.jpg,898,unknown
152600.jpg,5238,enrolled
152610.jpg,5656,enrolled
152667.jpg,6086,enrolled
152735.jpg,9910,enrolled
152797.jpg,644,enrolled
152835.jpg,5210,enrolled
152900.jpg,9300,enrolled
153094.jpg,5747,enrolled
153129.jpg,6233,unknown
153217.jpg,5534,enrolled
153415.jpg,3336,enrolled
153457.jpg,1149,enrolled
153541.jpg,7222,enrolled
153772.jpg,1435,unknown
153869.jpg,644,enrolled
153894.jpg,8834,enrolled
153967.jpg,4968,enrolled
154078.jpg,4929,enrolled
154238.jpg,5747,enrolled
154314.jpg,9939,enrolled
154323.jpg,6456,enrolled
154399.jpg,4150,unknown
154413.jpg,4870,enrolled
154452.jpg,1167,enrolled
154454.jpg,8748,enrolled
154511.jpg,6136,enrolled
154541.jpg,494,enrolled
154548.jpg,9144,enrolled
154628.jpg,5064,enrolled
154712.jpg,5190,enrolled
154788.jpg,2814,enrolled
155019.jpg,5591,enrolled
155033.jpg,9144,enrolled
155044.jpg,7524,enrolled
155073.jpg,7524,enrolled
155499.jpg,5591,enrolled
155643.jpg,310,enrolled
155809.jpg,9828,enrolled
155860.jpg,4936,enrolled
156005.jpg,8091,enrolled
156106.jpg,5656,enrolled
156185.jpg,4150,unknown
156231.jpg,4870,enrolled
156249.jpg,8971,enrolled
156288.jpg,494,enrolled
156382.jpg,6136,enrolled
156401.jpg,8091,enrolled
156480.jpg,7422,enrolled
156608.jpg,5672,enrolled
156692.jpg,5648,enrolled
156886.jpg,8748,enrolled
156991.jpg,494,enrolled
157087.jpg,1435,unknown
157213.jpg,6806,enrolled
157218.jpg,6456,enrolled
157455.jpg,4870,enrolled
157665.jpg,6368,unknown
157696.jpg,5534,enrolled
157736.jpg,7422,enrolled
157752.jpg,975,unknown
157894.jpg,8,enrolled
157903.jpg,6086,enrolled
158076.jpg,2814,enrolled
158097.jpg,7253,enrolled
158327.jpg,5064,enrolled
158538.jpg,1104,enrolled
158553.jpg,5922,enrolled
158554.jpg,1104,enrolled
158640.jpg,975,unknown
158681.jpg,6806,enrolled
158705.jpg,655,unknown
158983.jpg,310,enrolled
159039.jpg,5127,enrolled
159052.jpg,9534,unknown
159097.jpg,1149,enrolled
159200.jpg,9688,enrolled
159309.jpg,9828,enrolled
159470.jpg,2814,enrolled
159585.jpg,4659,unknown
159596.jpg,9144,enrolled
159630.jpg,9478,unknown
159657.jpg,8091,enrolled
159931.jpg,6456,enrolled
159948.jpg,7222,enrolled
159979.jpg,1147,enrolled
160050.jpg,1149,enrolled
160089.jpg,9939,enrolled
160546.jpg,5064,enrolled
160672.jpg,5190,enrolled
160727.jpg,6136,enrolled
160740.jpg,6806,enrolled
160752.jpg,6719,enrolled
160765.jpg,7253,enrolled
160876.jpg,6136,enrolled
160891.jpg,310,enrolled
160984.jpg,8,enrolled
161075.jpg,9000,enrolled
161219.jpg,3336,enrolled
161289.jpg,7422,enrolled
161310.jpg,6806,enrolled
161311.jpg,8834,enrolled
161323.jpg,9478,unknown
161328.jpg,1149,enrolled
161342.jpg,6136,enrolled
161376.jpg,3655,enrolled
161411.jpg,8834,enrolled
161446.jpg,6972,unknown
161504.jpg,5064,enrolled
161733.jpg,6806,enrolled
162046.jpg,8834,enrolled
162114.jpg,5747,enrolled
162132.jpg,6136,enrolled
162245.jpg,4929,enrolled
162283.jpg,9478,unknown
162342.jpg,5534,enrolled
162372.jpg,5534,enrolled
162567.jpg,3655,enrolled
162676.jpg,7222,enrolled
162704.jpg,5780,enrolled
162744.jpg,6722,enrolled
162821.jpg,3200,unknown
162840.jpg,4185,unknown
162843.jpg,190,enrolled
162906.jpg,1120,enrolled
162991.jpg,190,enrolled
163000.jpg,205,unknown
163008.jpg,2177,enrolled
163048.jpg,205,unknown
163126.jpg,4069,enrolled
163345.jpg,190,enrolled
163393.jpg,3200,unknown
163441.jpg,205,unknown
163472.jpg,3877,enrolled
163527.jpg,190,enrolled
163625.jpg,4069,enrolled
163652.jpg,4069,enrolled
163723.jpg,3877,enrolled
163825.jpg,3877,enrolled
163987.jpg,3236,enrolled
164073.jpg,205,unknown
164083.jpg,1120,enrolled
164316.jpg,1120,enrolled
164392.jpg,3236,enrolled
164441.jpg,3200,unknown
164444.jpg,4069,enrolled
164600.jpg,3200,unknown
164640.jpg,2177,enrolled
164646.jpg,205,unknown
164652.jpg,913,enrolled
164841.jpg,1120,enrolled
164894.jpg,4069,enrolled
165054.jpg,4069,enrolled
165167.jpg,1154,enrolled
165258.jpg,190,enrolled
165477.jpg,3236,enrolled
165484.jpg,1120,enrolled
165501.jpg,4069,enrolled
165519.jpg,205,unknown
165673.jpg,190,enrolled
165747.jpg,3200,unknown
165772.jpg,3877,enrolled
165906.jpg,190,enrolled
166026.jpg,4069,enrolled
166107.jpg,205,unknown
166147.jpg,1154,enrolled
166159.jpg,913,enrolled
166195.jpg,913,enrolled
166253.jpg,3200,unknown
166298.jpg,1350,enrolled
166301.jpg,1350,enrolled
166378.jpg,1120,enrolled
166478.jpg,190,enrolled
166563.jpg,2177,enrolled
166589.jpg,4185,unknown
166661.jpg,2177,enrolled
166783.jpg,1120,enrolled
166795.jpg,1154,enrolled
166801.jpg,3877,enrolled
166803.jpg,3200,unknown
166957.jpg,4069,enrolled
166995.jpg,1350,enrolled
167157.jpg,4185,unknown
167219.jpg,1154,enrolled
167286.jpg,1154,enrolled
167432.jpg,1120,enrolled
167477.jpg,3236,enrolled
167495.jpg,4185,unknown
167499.jpg,3236,enrolled
167535.jpg,3200,unknown
167637.jpg,3877,enrolled
167772.jpg,4185,unknown
167917.jpg,2177,enrolled
167998.jpg,2177,enrolled
168123.jpg,913,enrolled
168157.jpg,4069,enrolled
168189.jpg,4185,unknown
168226.jpg,3200,unknown
168314.jpg,1120,enrolled
168354.jpg,1120,enrolled
168488.jpg,913,enrolled
168624.jpg,913,enrolled
168857.jpg,2177,enrolled
168867.jpg,1350,enrolled
169002.jpg,3877,enrolled
169052.jpg,3877,enrolled
169061.jpg,913,enrolled
169073.jpg,1154,enrolled
169295.jpg,1350,enrolled
169333.jpg,3236,enrolled
169599.jpg,3200,unknown
169619.jpg,3236,enrolled
169673.jpg,1120,enrolled
169730.jpg,205,unknown
169859.jpg,3200,unknown
169910.jpg,1120,enrolled
170013.jpg,1154,enrolled
170111.jpg,3236,enrolled
170149.jpg,205,unknown
170163.jpg,2177,enrolled
170218.jpg,913,enrolled
170259.jpg,913,enrolled
170461.jpg,4069,enrolled
170529.jpg,190,enrolled
170565.jpg,4069,enrolled
170685.jpg,190,enrolled
170747.jpg,3200,unknown
170751.jpg,1154,enrolled
170882.jpg,913,enrolled
170958.jpg,1350,enrolled
170990.jpg,1120,enrolled
171054.jpg,913,enrolled
171115.jpg,1120,enrolled
171181.jpg,2177,enrolled
171205.jpg,3236,enrolled
171242.jpg,1154,enrolled
171298.jpg,4185,unknown
171318.jpg,4069,enrolled
171345.jpg,913,enrolled
171574.jpg,190,enrolled
171590.jpg,1350,enrolled
171612.jpg,3236,enrolled
171618.jpg,205,unknown
171631.jpg,190,enrolled
171634.jpg,2177,enrolled
171737.jpg,205,unknown
171813.jpg,4069,enrolled
171847.jpg,3236,enrolled
171969.jpg,1120,enrolled
171971.jpg,205,unknown
172022.jpg,913,enrolled
172058.jpg,190,enrolled
172109.jpg,205,unknown
172138.jpg,190,enrolled
172233.jpg,1120,enrolled
172285.jpg,2177,enrolled
172378.jpg,3236,enrolled
172411.jpg,205,unknown
172444.jpg,3236,enrolled
172516.jpg,1120,enrolled
172677.jpg,3236,enrolled
172678.jpg,1120,enrolled
172724.jpg,3236,enrolled
172819.jpg,1350,enrolled
172834.jpg,3236,enrolled
172889.jpg,3200,unknown
172907.jpg,4069,enrolled
172924.jpg,1154,enrolled
172977.jpg,3236,enrolled
173244.jpg,1154,enrolled
173283.jpg,3877,enrolled
173304.jpg,1120,enrolled
173306.jpg,1120,enrolled
173351.jpg,1154,enrolled
173366.jpg,190,enrolled
173413.jpg,1350,enrolled
173570.jpg,1350,enrolled
173622.jpg,2177,enrolled
173989.jpg,4185,unknown
174027.jpg,4185,unknown
174168.jpg,1154,enrolled
174180.jpg,2177,enrolled
174539.jpg,205,unknown
174563.jpg,205,unknown
174745.jpg,3877,enrolled
175000.jpg,190,enrolled
175021.jpg,4069,enrolled
175087.jpg,190,enrolled
175289.jpg,205,unknown
175292.jpg,913,enrolled
175655.jpg,3200,unknown
175825.jpg,2177,enrolled
175978.jpg,205,unknown
175982.jpg,2177,enrolled
176111.jpg,1154,enrolled
176236.jpg,1350,enrolled
176338.jpg,3200,unknown
176396.jpg,4069,enrolled
176410.jpg,1154,enrolled
176617.jpg,1154,enrolled
176879.jpg,3877,enrolled
176949.jpg,4185,unknown
176990.jpg,913,enrolled
176995.jpg,1350,enrolled
177001.jpg,3200,unknown
177009.jpg,3877,enrolled
177019.jpg,4069,enrolled
177132.jpg,3877,enrolled
177140.jpg,3200,unknown
177174.jpg,1120,enrolled
177209.jpg,1154,enrolled
177238.jpg,205,unknown
177261.jpg,2177,enrolled
177293.jpg,913,enrolled
177316.jpg,4069,enrolled
177414.jpg,3877,enrolled
177519.jpg,3200,unknown
177578.jpg,190,enrolled
177646.jpg,4185,unknown
177735.jpg,190,enrolled
177990.jpg,205,unknown
178090.jpg,1154,enrolled
178123.jpg,190,enrolled
178155.jpg,3236,enrolled
178250.jpg,1154,enrolled
178265.jpg,3200,unknown
178308.jpg,3877,enrolled
178367.jpg,2177,enrolled
178457.jpg,4069,enrolled
178458.jpg,1154,enrolled
178532.jpg,1350,enrolled
178570.jpg,190,enrolled
178705.jpg,3877,enrolled
178718.jpg,190,enrolled
178846.jpg,1120,enrolled
178976.jpg,913,enrolled
179019.jpg,205,unknown
179069.jpg,1154,enrolled
179162.jpg,205,unknown
179226.jpg,2177,enrolled
179318.jpg,4069,enrolled
179356.jpg,1350,enrolled
179453.jpg,1154,enrolled
179535.jpg,3236,enrolled
179655.jpg,2177,enrolled
179687.jpg,1350,enrolled
179698.jpg,4069,enrolled
179704.jpg,4185,unknown
179737.jpg,1120,enrolled
179771.jpg,1154,enrolled
180118.jpg,2177,enrolled
180177.jpg,3236,enrolled
180264.jpg,1120,enrolled
180272.jpg,913,enrolled
180339.jpg,3236,enrolled
180373.jpg,1120,enrolled
180466.jpg,1120,enrolled
180484.jpg,1154,enrolled
180574.jpg,1120,enrolled
180584.jpg,1120,enrolled
180593.jpg,2177,enrolled
180654.jpg,3877,enrolled
180716.jpg,205,unknown
180761.jpg,3200,unknown
180796.jpg,190,enrolled
180809.jpg,190,enrolled
180819.jpg,190,enrolled
180828.jpg,3877,enrolled
180898.jpg,2177,enrolled
180933.jpg,1350,enrolled
180951.jpg,913,enrolled
180965.jpg,2177,enrolled
180972.jpg,1154,enrolled
180979.jpg,190,enrolled
181054.jpg,1154,enrolled
181115.jpg,3236,enrolled
181243.jpg,1154,enrolled
181250.jpg,913,enrolled
181379.jpg,3236,enrolled
181473.jpg,1154,enrolled
181475.jpg,2177,enrolled
181539.jpg,1120,enrolled
181551.jpg,3877,enrolled
181686.jpg,1154,enrolled
181731.jpg,190,enrolled
181762.jpg,3236,enrolled
181866.jpg,4069,enrolled
181868.jpg,3877,enrolled
181902.jpg,3236,enrolled
181906.jpg,4069,enrolled
181914.jpg,4069,enrolled
182074.jpg,1350,enrolled
182107.jpg,205,unknown
182161.jpg,205,unknown
182171.jpg,205,unknown
182354.jpg,1120,enrolled
182420.jpg,1350,enrolled
182479.jpg,2177,enrolled
182505.jpg,3877,enrolled
182530.jpg,1350,enrolled
182552.jpg,1154,enrolled
182576.jpg,205,unknown
182603.jpg,913,enrolled
182649.jpg,5872,enrolled
182729.jpg,8027,enrolled
182831.jpg,6195,unknown
182865.jpg,6528,enrolled
182926.jpg,8415,enrolled
182939.jpg,6195,unknown
183023.jpg,8415,enrolled
183302.jpg,8027,enrolled
183306.jpg,6195,unknown
183409.jpg,6528,enrolled
183506.jpg,6195,unknown
183511.jpg,5872,enrolled
183525.jpg,8027,enrolled
183541.jpg,6195,unknown
183802.jpg,9632,enrolled
183875.jpg,7088,enrolled
184394.jpg,5872,enrolled
184440.jpg,8936,enrolled
184474.jpg,6195,unknown
184512.jpg,6195,unknown
184801.jpg,8936,enrolled
184813.jpg,6528,enrolled
184866.jpg,5033,enrolled
184888.jpg,6528,enrolled
184999.jpg,7088,enrolled
185013.jpg,5575,enrolled
185034.jpg,9489,enrolled
185126.jpg,9489,enrolled
185198.jpg,8415,enrolled
185214.jpg,5575,enrolled
185332.jpg,6528,enrolled
185342.jpg,9489,enrolled
185566.jpg,8936,enrolled
185620.jpg,6195,unknown
185668.jpg,8936,enrolled
185878.jpg,9489,enrolled
185888.jpg,8415,enrolled
185904.jpg,8936,enrolled
185992.jpg,9489,enrolled
186040.jpg,5791,enrolled
186056.jpg,9489,enrolled
186233.jpg,6195,unknown
186243.jpg,5575,enrolled
186253.jpg,7088,enrolled
186311.jpg,8936,enrolled
186319.jpg,7088,enrolled
186398.jpg,9632,enrolled
186425.jpg,5575,enrolled
186474.jpg,5033,enrolled
186501.jpg,5575,enrolled
186666.jpg,8415,enrolled
186675.jpg,7088,enrolled
186776.jpg,5033,enrolled
186800.jpg,8936,enrolled
187054.jpg,5872,enrolled
187075.jpg,7088,enrolled
187081.jpg,8936,enrolled
187227.jpg,5872,enrolled
187307.jpg,8415,enrolled
187564.jpg,5872,enrolled
187578.jpg,5033,enrolled
187727.jpg,6195,unknown
187748.jpg,6195,unknown
187783.jpg,5033,enrolled
187796.jpg,6195,unknown
187833.jpg,8936,enrolled
187881.jpg,5872,enrolled
188249.jpg,6195,unknown
188370.jpg,6528,enrolled
188390.jpg,5791,enrolled
188408.jpg,8415,enrolled
188521.jpg,5791,enrolled
188529.jpg,9632,enrolled
188545.jpg,8027,enrolled
188565.jpg,6195,unknown
188620.jpg,8027,enrolled
188771.jpg,5575,enrolled
188849.jpg,5033,enrolled
188916.jpg,7088,enrolled
188971.jpg,9632,enrolled
189079.jpg,8027,enrolled
189128.jpg,8027,enrolled
189151.jpg,5575,enrolled
189175.jpg,8936,enrolled
189663.jpg,8936,enrolled
189944.jpg,5872,enrolled
189949.jpg,8415,enrolled
190011.jpg,5872,enrolled
190153.jpg,7088,enrolled
190207.jpg,5575,enrolled
190218.jpg,8415,enrolled
190458.jpg,5575,enrolled
190475.jpg,9489,enrolled
190495.jpg,9632,enrolled
190537.jpg,8415,enrolled
190600.jpg,8415,enrolled
190733.jpg,9632,enrolled
190792.jpg,6528,enrolled
190793.jpg,5791,enrolled
190913.jpg,9489,enrolled
191105.jpg,8027,enrolled
191153.jpg,9632,enrolled
191377.jpg,6528,enrolled
191572.jpg,8936,enrolled
191647.jpg,9632,enrolled
191698.jpg,9489,enrolled
191786.jpg,8936,enrolled
191850.jpg,9632,enrolled
191867.jpg,8415,enrolled
191940.jpg,6195,unknown
191977.jpg,8936,enrolled
192155.jpg,9489,enrolled
192191.jpg,8027,enrolled
192254.jpg,5575,enrolled
192291.jpg,8936,enrolled
192408.jpg,8415,enrolled
192424.jpg,8027,enrolled
192491.jpg,5033,enrolled
192581.jpg,8027,enrolled
192811.jpg,5575,enrolled
192855.jpg,8415,enrolled
192878.jpg,8936,enrolled
192926.jpg,6195,unknown
193008.jpg,9489,enrolled
193063.jpg,7088,enrolled
193087.jpg,5872,enrolled
193112.jpg,8415,enrolled
193135.jpg,5575,enrolled
193173.jpg,8415,enrolled
193194.jpg,6195,unknown
193282.jpg,6195,unknown
193291.jpg,8936,enrolled
193305.jpg,6528,enrolled
193319.jpg,6195,unknown
193414.jpg,6528,enrolled
193469.jpg,6528,enrolled
193506.jpg,8415,enrolled
193523.jpg,7088,enrolled
193551.jpg,8415,enrolled
193681.jpg,7088,enrolled
193811.jpg,5575,enrolled
193832.jpg,9632,enrolled
193890.jpg,6195,unknown
193901.jpg,8936,enrolled
194003.jpg,5872,enrolled
194071.jpg,8936,enrolled
194121.jpg,8936,enrolled
194288.jpg,8415,enrolled
194314.jpg,5575,enrolled
194347.jpg,9489,enrolled
194364.jpg,6528,enrolled
194377.jpg,8936,enrolled
194523.jpg,8415,enrolled
194539.jpg,6195,unknown
194543.jpg,9632,enrolled
194610.jpg,6195,unknown
194613.jpg,8415,enrolled
194700.jpg,9489,enrolled
194728.jpg,5791,enrolled
194794.jpg,8415,enrolled
194818.jpg,8027,enrolled
194851.jpg,6195,unknown
194910.jpg,5575,enrolled
195011.jpg,8936,enrolled
195021.jpg,7088,enrolled
195099.jpg,9632,enrolled
195140.jpg,5575,enrolled
195333.jpg,5575,enrolled
195374.jpg,9489,enrolled
195678.jpg,8936,enrolled
195695.jpg,8936,enrolled
195828.jpg,5575,enrolled
195866.jpg,8936,enrolled
195932.jpg,6528,enrolled
195994.jpg,6195,unknown
196161.jpg,8415,enrolled
196183.jpg,6528,enrolled
196286.jpg,8415,enrolled
196293.jpg,8027,enrolled
196401.jpg,8027,enrolled
196629.jpg,8027,enrolled
196919.jpg,8415,enrolled
196973.jpg,5872,enrolled
197011.jpg,7088,enrolled
197136.jpg,5033,enrolled
197231.jpg,5791,enrolled
197391.jpg,5575,enrolled
197465.jpg,6528,enrolled
197605.jpg,6195,unknown
197630.jpg,7088,enrolled
197712.jpg,8027,enrolled
197797.jpg,9632,enrolled
197839.jpg,8936,enrolled
198052.jpg,6195,unknown
198206.jpg,6195,unknown
198298.jpg,6528,enrolled
198391.jpg,5575,enrolled
198441.jpg,7088,enrolled
198456.jpg,5872,enrolled
198511.jpg,8027,enrolled
198561.jpg,8936,enrolled
198564.jpg,9489,enrolled
198698.jpg,6528,enrolled
198719.jpg,9489,enrolled
198720.jpg,8415,enrolled
198834.jpg,8027,enrolled
198870.jpg,5872,enrolled
198886.jpg,8415,enrolled
198922.jpg,5791,enrolled
198953.jpg,9632,enrolled
198974.jpg,5872,enrolled
199016.jpg,8027,enrolled
199029.jpg,9489,enrolled
199347.jpg,8936,enrolled
199369.jpg,9632,enrolled
199392.jpg,9489,enrolled
199478.jpg,5872,enrolled
199652.jpg,5575,enrolled
199690.jpg,8415,enrolled
199806.jpg,8415,enrolled
199824.jpg,7088,enrolled
199956.jpg,8936,enrolled
200052.jpg,8027,enrolled
200125.jpg,5872,enrolled
200213.jpg,5575,enrolled
200225.jpg,5791,enrolled
200257.jpg,8027,enrolled
200261.jpg,7088,enrolled
200501.jpg,8936,enrolled
200563.jpg,9632,enrolled
200705.jpg,5575,enrolled
200757.jpg,5872,enrolled
200834.jpg,5033,enrolled
200957.jpg,5033,enrolled
201059.jpg,7088,enrolled
201206.jpg,5791,enrolled
201390.jpg,9632,enrolled
201525.jpg,5575,enrolled
201629.jpg,8415,enrolled
201786.jpg,9489,enrolled
202056.jpg,6195,unknown
202105.jpg,9632,enrolled
202260.jpg,6195,unknown
202359.jpg,6195,unknown
202375.jpg,9489,enrolled
202384.jpg,6528,enrolled
202441.jpg,6528,enrolled
202449.jpg,6528,enrolled
202541.jpg,5872,enrolled
202565.jpg,5791,enrolled
202578.jpg,7088,enrolled
